id,text,label,annotator1,annotator2,agree
281,Bài tập và dự án thực tế giúp tôi áp dụng kiến thức một cách hiệu quả.,2,2,2,True
838,"Theo ý kiến cá nhân tôi, bài tập không có phản hồi cụ thể từ giáo viên, sinh viên không biết mình sai chỗ nào Hy vọng môn học sẽ tốt hơn trong tương lai.",0,0,0,True
1610,"Nhìn chung, thầy truyền đạt kiến thức đủ để sinh viên vượt qua kỳ thi, nhưng chưa sâu Tôi đã học được nhiều điều từ trải nghiệm này.",1,1,1,True
202,"Qua quá trình học, thầy không tôn trọng ý kiến của sinh viên, lớp học thiếu sự tương tác cần thiết.",0,0,0,True
405,"Nhìn chung, môn học có nội dung nghèo nàn và hình thức tổ chức kém chuyên nghiệp Mong thầy cô tiếp tục phát huy.",0,0,0,True
115,"Cô tổ chức lớp học tương đối trật tự, nội dung đủ nhưng chưa thật phong phú Tôi đã học được nhiều điều từ trải nghiệm này.",1,1,1,True
218,"Theo ý kiến cá nhân tôi, bài tập không có phản hồi cụ thể từ giáo viên, sinh viên không biết mình sai chỗ nào Cần cải thiện thêm để đáp ứng nhu cầu của sinh viên.",0,0,0,True
259,Tôi không thấy quá ấn tượng với môn học nhưng cũng không có gì để phàn nàn nhiều Cần cải thiện thêm để đáp ứng nhu cầu của sinh viên.,1,1,1,True
272,"Sau khi hoàn thành môn học, tôi rất thích cách thầy kết hợp lý thuyết với các bài tập thực hành Cần cải thiện thêm để đáp ứng nhu cầu của sinh viên.",2,2,2,True
637,"Theo tôi, giáo viên không hỗ trợ sinh viên khi gặp khó khăn, khó tiếp cận ngoài giờ học Hy vọng môn học sẽ tốt hơn trong tương lai.",0,0,0,True
1087,Thầy có thể cải thiện phong cách giảng dạy để thu hút sinh viên hơn.,1,1,1,True
1734,"Môn học cho tôi kiến thức nền tảng cần thiết, tuy nhiên còn thiếu chiều sâu.",1,1,1,True
273,"Tôi nghĩ rằng cô giáo quan tâm đến sinh viên ở một mức độ vừa phải, không quá nhiều không ít Cần cải thiện thêm để đáp ứng nhu cầu của sinh viên.",1,1,1,True
1770,"Nhìn chung, cô không tôn trọng thời gian của sinh viên, thường bắt đầu muộn và kết thúc sớm Tôi sẽ giới thiệu cho bạn bè.",0,0,0,True
1397,"Qua quá trình học, cách tổ chức lớp học ổn, nhưng nội dung cần được cập nhật và làm mới hơn.",1,1,1,True
1744,"Qua quá trình học, cô giảng đủ bài, sinh viên nắm được kiến thức ở mức cơ bản là đạt yêu cầu Mong thầy cô tiếp tục phát huy.",1,1,1,True
1027,"Sau khi hoàn thành môn học, thầy không giao đủ bài tập thực hành, sinh viên không có cơ hội luyện tập kỹ năng Hy vọng môn học sẽ tốt hơn trong tương lai.",0,0,0,True
1389,"Môn học có quá nhiều bài tập nhưng không có hướng dẫn rõ ràng, gây nhầm lẫn.",0,0,0,True
1045,"Giáo viên thiếu chuyên môn, nhiều kiến thức sai sót và không được sửa chữa Cần cải thiện thêm để đáp ứng nhu cầu của sinh viên.",0,0,0,True
1178,"Qua quá trình học, thầy không giải thích tại sao cần học nội dung này, làm mất động lực của sinh viên Tôi sẽ giới thiệu cho bạn bè.",0,0,2,False
799,"Trong học kỳ vừa qua, môn học có những điểm tốt và những điểm cần được xem xét lại và cải thiện Tôi sẽ giới thiệu cho bạn bè.",1,1,1,True
932,"Qua quá trình học, môn học có nội dung hay và kiến thức thực sự có thể áp dụng được.",2,2,2,True
1560,Tôi học được một số điều hữu ích nhưng cũng có những phần không thực sự cần thiết Mong thầy cô tiếp tục phát huy.,1,1,1,True
1908,"Qua quá trình học, môn học được thiết kế hợp lý về cơ bản, nhưng cần bổ sung ví dụ thực tế hơn Hy vọng môn học sẽ tốt hơn trong tương lai.",1,1,1,True
756,"Theo tôi, bài giảng đủ để hiểu bài, nhưng không có gì thực sự khiến sinh viên nhớ mãi Tôi đã học được nhiều điều từ trải nghiệm này.",1,1,1,True
1168,"Cách chấm điểm không công bằng, tiêu chí đánh giá không rõ ràng và không nhất quán.",0,0,0,True
1968,"Qua quá trình học, nội dung cũ kỹ và lạc hậu, không phù hợp với yêu cầu thực tế của thị trường Tôi đã học được nhiều điều từ trải nghiệm này.",0,0,0,True
1736,"Theo tôi, cô giảng đủ bài, sinh viên nắm được kiến thức ở mức cơ bản là đạt yêu cầu Cần cải thiện thêm để đáp ứng nhu cầu của sinh viên.",1,1,1,True
835,"Môn học cung cấp kiến thức nền tảng, cần thêm ứng dụng thực tế để hoàn thiện Mong thầy cô tiếp tục phát huy.",1,1,1,True
1282,Môn học này cung cấp đủ kiến thức nhưng cần thêm bài tập phong phú hơn Tôi đã học được nhiều điều từ trải nghiệm này.,1,1,1,True
81,"Nhìn chung, lớp học quá đông mà thầy không có phương án quản lý hiệu quả Tôi đã học được nhiều điều từ trải nghiệm này.",0,0,0,True
1991,"Tôi nghĩ rằng giáo viên giảng đủ giờ và đúng lịch, nội dung bám sát đề cương đã đề ra Tôi sẽ giới thiệu cho bạn bè.",1,1,0,False
1201,"Sau khi hoàn thành môn học, tôi không hài lòng chút nào với cách tổ chức và giảng dạy môn học này.",0,0,0,True
986,"Sau khi hoàn thành môn học, môn học đạt tiêu chuẩn cơ bản, không vượt trội nhưng cũng không đáng phê phán.",1,1,2,False
1190,"Tài liệu học mang nặng tính lý thuyết, thiếu hẳn ứng dụng thực hành Tôi đã học được nhiều điều từ trải nghiệm này.",0,0,2,False
1623,"Thầy giảng dạy rất nhiệt tình, bài học dễ hiểu và có nhiều ví dụ thực tế Cần cải thiện thêm để đáp ứng nhu cầu của sinh viên.",2,2,2,True
602,"Theo tôi, bài giảng được thiết kế khoa học với nhiều case study thực tế rất thú vị.",2,2,2,True
171,"Tôi nghĩ rằng thầy không giao đủ bài tập thực hành, sinh viên không có cơ hội luyện tập kỹ năng.",0,0,0,True
994,"Theo ý kiến cá nhân tôi, cách cô giải thích các khái niệm khó rất dễ hiểu, tôi tiếp thu nhanh hơn nhiều Tôi đã học được nhiều điều từ trải nghiệm này.",2,2,2,True
662,"Qua quá trình học, nội dung bài giảng phong phú, đa dạng và rất có giá trị thực tiễn Tôi sẽ giới thiệu cho bạn bè.",2,2,2,True
113,"Phương pháp giảng dạy của thầy rất hiệu quả, kết hợp tốt lý thuyết và thực hành Hy vọng môn học sẽ tốt hơn trong tương lai.",2,2,2,True
396,"Sau khi hoàn thành môn học, môn học tạo được hứng thú ở một số chủ đề nhưng lại nhàm với một số chủ đề khác Tôi đã học được nhiều điều từ trải nghiệm này.",1,1,1,True
1421,"Qua quá trình học, môn học tạo được hứng thú ở một số chủ đề nhưng lại nhàm với một số chủ đề khác Mong thầy cô tiếp tục phát huy.",1,1,1,True
2050,"Nhìn chung, môn học này là lãng phí các nguồn lực của cả sinh viên lẫn nhà trường Tôi đã học được nhiều điều từ trải nghiệm này.",0,0,0,True
1353,Tôi cực kỳ hài lòng với môn học này và cảm thấy mình đã đầu tư đúng chỗ Cần cải thiện thêm để đáp ứng nhu cầu của sinh viên.,2,2,2,True
937,"Theo ý kiến cá nhân tôi, môn học có chất lượng trung bình, không quá tốt cũng không quá kém.",1,1,1,True
307,Tôi không thấy quá ấn tượng với môn học nhưng cũng không có gì để phàn nàn nhiều Tôi sẽ giới thiệu cho bạn bè.,1,1,1,True
708,"Môn học được tổ chức chuyên nghiệp, đúng giờ và đúng lịch trình đề ra.",2,2,2,True
1561,"Trong học kỳ vừa qua, nội dung môn học đủ cơ bản, phương pháp giảng dạy có thể đổi mới để tốt hơn Tôi đã học được nhiều điều từ trải nghiệm này.",1,1,1,True
1923,"Trong học kỳ vừa qua, tổng thể đây là một môn học xuất sắc mà tôi sẽ giới thiệu cho bạn bè Hy vọng môn học sẽ tốt hơn trong tương lai.",2,2,2,True
1700,"Theo tôi, môn học giúp tôi phát triển tư duy và kỹ năng giải quyết vấn đề hiệu quả Cần cải thiện thêm để đáp ứng nhu cầu của sinh viên.",2,2,2,True
1705,"Môn học được tổ chức quá kém, lịch học thay đổi liên tục không có thông báo Mong thầy cô tiếp tục phát huy.",0,0,0,True
670,"Qua quá trình học, nội dung môn học quá khó so với trình độ của sinh viên mà thiếu cơ sở tiền đề Mong thầy cô tiếp tục phát huy.",0,0,0,True
1440,"Tôi nghĩ rằng cô dạy ổn, sinh viên học được kiến thức cơ bản nhưng chưa thật sự ấn tượng Mong thầy cô tiếp tục phát huy.",1,1,1,True
451,"Trong học kỳ vừa qua, môn học vừa đủ, không gây khó chịu nhưng cũng không tạo cảm hứng đặc biệt Tôi sẽ giới thiệu cho bạn bè.",1,1,0,False
524,"Theo tôi, giáo viên luôn nhiệt tình hỗ trợ sinh viên, kể cả ngoài giờ học Cần cải thiện thêm để đáp ứng nhu cầu của sinh viên.",2,2,2,True
1417,"Sau khi hoàn thành môn học, cách giảng dạy của thầy rất sáng tạo và tạo hứng thú cho sinh viên Mong thầy cô tiếp tục phát huy.",2,2,2,True
605,"Trong học kỳ vừa qua, tôi cảm thấy mất tiền và mất thời gian khi đăng ký môn học này Cần cải thiện thêm để đáp ứng nhu cầu của sinh viên.",0,0,1,False
1493,"Tôi nghĩ rằng cô giáo thỉnh thoảng giải thích chưa thật rõ, nhưng sẵn sàng trả lời câu hỏi.",1,1,1,True
1540,"Tôi không có nhiều cảm xúc rõ ràng về môn học này, nó bình thường Cần cải thiện thêm để đáp ứng nhu cầu của sinh viên.",1,1,1,True
544,"Theo tôi, bài giảng được thiết kế khoa học với nhiều case study thực tế rất thú vị Tôi sẽ giới thiệu cho bạn bè.",2,2,2,True
1820,"Nhìn chung, môn học ở mức bình thường, nội dung ổn nhưng cần cải thiện thêm một số phần Cần cải thiện thêm để đáp ứng nhu cầu của sinh viên.",1,1,1,True
1451,"Nhìn chung, cô dạy ổn, sinh viên học được kiến thức cơ bản nhưng chưa thật sự ấn tượng.",1,1,0,False
1442,Có một số bổ sung về slide và tài liệu sẽ giúp sinh viên hiểu bài tốt hơn Tôi sẽ giới thiệu cho bạn bè.,1,1,1,True
625,"Trong học kỳ vừa qua, giáo viên luôn chuẩn bị bài kỹ càng và có tâm trong từng buổi giảng.",2,2,2,True
1026,"Theo ý kiến cá nhân tôi, môn học này không cần thiết, cần phải xem xét lại chương trình học Mong thầy cô tiếp tục phát huy.",0,0,0,True
674,"Qua quá trình học, nhìn chung ổn, có một số cải thiện nhỏ thì sẽ tốt hơn Hy vọng môn học sẽ tốt hơn trong tương lai.",1,1,1,True
69,"Theo ý kiến cá nhân tôi, cô không trả lời email của sinh viên, rất khó liên lạc khi cần hỗ trợ Mong thầy cô tiếp tục phát huy.",0,0,0,True
2001,"Sau khi hoàn thành môn học, cô rất quan tâm đến sinh viên, tạo môi trường học tập thân thiện và hiệu quả Tôi đã học được nhiều điều từ trải nghiệm này.",2,2,2,True
630,"Theo tôi, bài giảng đủ để hiểu bài, nhưng không có gì thực sự khiến sinh viên nhớ mãi.",1,1,1,True
253,"Sau khi hoàn thành môn học, có thể cải thiện được nhưng nhìn chung không đến mức cần phải lo lắng quá Tôi đã học được nhiều điều từ trải nghiệm này.",1,1,1,True
707,"Trong học kỳ vừa qua, tổng thể môn học ở mức trung bình, cần đánh giá lại một số nội dung Hy vọng môn học sẽ tốt hơn trong tương lai.",1,1,1,True
1283,"Sau khi hoàn thành môn học, đây là một môn học tuyệt vời với nội dung phong phú và giáo viên tâm huyết Mong thầy cô tiếp tục phát huy.",2,2,2,True
313,"Theo ý kiến cá nhân tôi, chất lượng giảng dạy rất tốt, xứng đáng được nhiều sinh viên lựa chọn.",2,2,2,True
576,"Tôi nghĩ rằng môn học được tổ chức quá kém, lịch học thay đổi liên tục không có thông báo.",0,0,0,True
582,"Giáo viên luôn nhiệt tình hỗ trợ sinh viên, kể cả ngoài giờ học.",2,2,2,True
407,Tôi nghĩ rằng tôi học được rất nhiều kỹ năng thực hành giá trị từ môn học này Tôi đã học được nhiều điều từ trải nghiệm này.,2,2,2,True
1407,"Theo ý kiến cá nhân tôi, tôi thấy môn học bình thường theo nghĩa không có điểm mạnh hay điểm yếu nổi bật.",1,1,1,True
1605,Giáo viên thường xuyên đến muộn và rút ngắn thời gian giảng dạy Tôi đã học được nhiều điều từ trải nghiệm này.,0,0,0,True
570,"Nhìn chung, giáo viên không chuẩn bị bài giảng kỹ, nhiều lần nhầm lẫn kiến thức cơ bản Tôi sẽ giới thiệu cho bạn bè.",0,0,2,False
709,"Tôi nghĩ rằng bài giảng đủ để hiểu bài, nhưng không có gì thực sự khiến sinh viên nhớ mãi Cần cải thiện thêm để đáp ứng nhu cầu của sinh viên.",1,1,2,False
558,"Theo tôi, môn học được tổ chức chuyên nghiệp, đúng giờ và đúng lịch trình đề ra Mong thầy cô tiếp tục phát huy.",2,2,2,True
440,"Theo tôi, thầy có kinh nghiệm thực tế phong phú, chia sẻ nhiều câu chuyện thực tế hữu ích Hy vọng môn học sẽ tốt hơn trong tương lai.",2,2,2,True
767,"Trong học kỳ vừa qua, môn học này không làm tôi hứng thú lắm nhưng cũng không đến mức ghét.",1,1,1,True
2015,"Nhìn chung, thầy giảng được nhưng cần thêm thời gian để sinh viên thực hành và củng cố kiến thức.",1,1,1,True
2034,"Tôi nghĩ rằng môn học rất phù hợp với định hướng nghề nghiệp của tôi, tôi rất hài lòng.",2,2,2,True
718,"Theo ý kiến cá nhân tôi, thầy thỉnh thoảng đi sâu vào chi tiết không cần thiết, làm loãng trọng tâm bài Mong thầy cô tiếp tục phát huy.",1,1,1,True
1200,"Tôi nghĩ rằng tài liệu học mang nặng tính lý thuyết, thiếu hẳn ứng dụng thực hành Tôi sẽ giới thiệu cho bạn bè.",0,0,0,True
360,Tôi không hài lòng chút nào với cách tổ chức và giảng dạy môn học này Mong thầy cô tiếp tục phát huy.,0,0,0,True
1169,"Môn học có chất lượng trung bình, không quá tốt cũng không quá kém Tôi đã học được nhiều điều từ trải nghiệm này.",1,1,1,True
217,"Trong học kỳ vừa qua, thầy thỉnh thoảng đi sâu vào chi tiết không cần thiết, làm loãng trọng tâm bài Mong thầy cô tiếp tục phát huy.",1,1,1,True
52,"Theo tôi, cô giáo rất tận tâm và chu đáo, luôn giải đáp thắc mắc của sinh viên Hy vọng môn học sẽ tốt hơn trong tương lai.",2,2,2,True
1167,Chất lượng giảng dạy quá thấp so với học phí mà sinh viên phải đóng Tôi đã học được nhiều điều từ trải nghiệm này.,0,0,0,True
1810,Cách giảng dạy của thầy rất sáng tạo và tạo hứng thú cho sinh viên Hy vọng môn học sẽ tốt hơn trong tương lai.,2,2,2,True
1628,"Tôi nghĩ rằng cô tổ chức lớp học rất tốt, tạo điều kiện để tất cả sinh viên đều có thể tham gia Hy vọng môn học sẽ tốt hơn trong tương lai.",2,2,2,True
1513,"Giáo viên thiếu kỹ năng sư phạm, không biết cách truyền đạt kiến thức hiệu quả.",0,0,0,True
382,"Qua quá trình học, môn học này thực sự mở ra cánh cửa mới cho tôi trong lĩnh vực chuyên ngành Cần cải thiện thêm để đáp ứng nhu cầu của sinh viên.",2,2,2,True
1104,"Giáo viên không chuẩn bị bài giảng kỹ, nhiều lần nhầm lẫn kiến thức cơ bản.",0,0,0,True
1842,"Qua quá trình học, thầy dạy được, có một số điểm chưa rõ ràng nhưng nhìn chung là ổn.",1,1,2,False
292,"Theo ý kiến cá nhân tôi, tôi học được những điều tối thiểu cần biết từ môn này, không nhiều không ít.",1,1,1,True
1116,"Sau khi hoàn thành môn học, môn học giúp tôi hiểu rõ hơn về lĩnh vực chuyên ngành và định hướng tương lai Mong thầy cô tiếp tục phát huy.",2,2,2,True
2040,"Trong học kỳ vừa qua, giáo viên có chuyên môn nhưng đôi khi chưa truyền đạt được thật hiệu quả Cần cải thiện thêm để đáp ứng nhu cầu của sinh viên.",1,1,1,True
1086,"Tôi nghĩ rằng bài giảng thiếu chiều sâu, chỉ dừng lại ở mức độ giới thiệu mà không đi vào chi tiết Tôi sẽ giới thiệu cho bạn bè.",0,0,0,True
392,"Giảng dạy quá máy móc và theo khuôn mẫu, thiếu sự linh hoạt và sáng tạo Tôi sẽ giới thiệu cho bạn bè.",0,0,2,False
111,Môn học không có gì đặc biệt nhưng cũng không có vấn đề gì quá lớn cần chỉ ra Tôi đã học được nhiều điều từ trải nghiệm này.,1,1,1,True
1079,"Nhìn chung, môn học cung cấp nền tảng vững chắc cho việc học các môn chuyên sâu sau này Hy vọng môn học sẽ tốt hơn trong tương lai.",2,2,2,True
9,"Tôi nghĩ rằng môn học được tổ chức chuyên nghiệp, đúng giờ và đúng lịch trình đề ra Hy vọng môn học sẽ tốt hơn trong tương lai.",2,2,2,True
309,"Trong học kỳ vừa qua, tài liệu học tập được chuẩn bị đầy đủ và chi tiết, hỗ trợ tốt cho việc học.",2,2,2,True
680,"Tôi nghĩ rằng nội dung môn học được biên soạn khoa học, có hệ thống và dễ nắm bắt.",2,2,2,True
26,"Sau khi hoàn thành môn học, cô giáo giảng ổn, tài liệu học tập đầy đủ nhưng thiếu bài tập thực tế.",1,1,1,True
1652,"Cô không trả lời email của sinh viên, rất khó liên lạc khi cần hỗ trợ.",0,0,0,True
581,"Trong học kỳ vừa qua, môn học đúng như mô tả trong đề cương, không có gì bất ngờ theo chiều nào.",1,1,0,False
2,"Bài giảng không thu hút, thiếu sự tương tác và hoàn toàn không có hứng thú.",0,0,0,True
350,"Theo ý kiến cá nhân tôi, phòng học không đủ điều kiện, thiết bị hỏng mà không được sửa chữa.",0,0,0,True
1836,"Cô không tôn trọng thời gian của sinh viên, thường bắt đầu muộn và kết thúc sớm Hy vọng môn học sẽ tốt hơn trong tương lai.",0,0,0,True
1376,"Theo tôi, cô giáo tạo ra áp lực không cần thiết mà không hề hỗ trợ sinh viên vượt qua Hy vọng môn học sẽ tốt hơn trong tương lai.",0,0,0,True
810,"Qua quá trình học, tôi không có nhiều cảm xúc rõ ràng về môn học này, nó bình thường.",1,1,1,True
1296,"Qua quá trình học, bài học đôi khi hơi khô nhưng nội dung quan trọng thì vẫn được truyền đạt.",1,1,1,True
1114,Tôi nghĩ rằng tôi học được một số điều hữu ích nhưng cũng có những phần không thực sự cần thiết Tôi sẽ giới thiệu cho bạn bè.,1,1,1,True
967,Môn học này thực sự xứng đáng là một trong những môn tốt nhất của trường Mong thầy cô tiếp tục phát huy.,2,2,2,True
954,"Sau khi hoàn thành môn học, tôi đã kỳ vọng nhiều hơn nhưng kết quả thực sự là một sự thất vọng lớn Cần cải thiện thêm để đáp ứng nhu cầu của sinh viên.",0,0,0,True
1295,Cô giáo không thể hiện được sự titrọng với sinh viên và nghề nghiệp của mình.,0,0,0,True
132,Thầy có kiến thức chuyên môn tốt nhưng đôi khi phong cách giảng dạy chưa thu hút Cần cải thiện thêm để đáp ứng nhu cầu của sinh viên.,1,1,1,True
1195,Tôi nghĩ rằng tài liệu học đầy đủ nhưng một số phần khá trừu tượng và khó nắm bắt Hy vọng môn học sẽ tốt hơn trong tương lai.,1,1,1,True
2086,"Theo tôi, thầy dạy được, có một số điểm chưa rõ ràng nhưng nhìn chung là ổn Mong thầy cô tiếp tục phát huy.",1,1,1,True
1876,"Nhìn chung, thầy cô có kiến thức chuyên sâu và kinh nghiệm phong phú trong giảng dạy.",2,2,2,True
1706,"Qua quá trình học, giáo viên giảng đủ, không quá nhiệt tình nhưng cũng không tệ Tôi sẽ giới thiệu cho bạn bè.",1,1,1,True
2045,"Theo tôi, nội dung môn học đủ cơ bản, phương pháp giảng dạy có thể đổi mới để tốt hơn.",1,1,1,True
1281,"Nhìn chung, cô dạy đủ trọng tâm, nhưng phần nào đó có thể diễn đạt rõ hơn.",1,1,1,True
1538,"Tôi nghĩ rằng nội dung bài giảng phong phú, đa dạng và rất có giá trị thực tiễn Tôi đã học được nhiều điều từ trải nghiệm này.",2,2,0,False
2000,"Theo tôi, tài liệu học mang nặng tính lý thuyết, thiếu hẳn ứng dụng thực hành.",0,0,1,False
261,"Cô không công bằng trong việc đánh giá, thiên vị một số sinh viên nhất định Tôi đã học được nhiều điều từ trải nghiệm này.",0,0,0,True
862,"Nhìn chung, thầy thỉnh thoảng đi sâu vào chi tiết không cần thiết, làm loãng trọng tâm bài.",1,1,1,True
1148,"Trong học kỳ vừa qua, môn học thiếu định hướng rõ ràng, sinh viên không biết mình đang học để làm gì Cần cải thiện thêm để đáp ứng nhu cầu của sinh viên.",0,0,0,True
923,"Tôi nghĩ rằng thầy giảng tương đối ổn, có lúc hay có lúc chưa hay tùy buổi Tôi sẽ giới thiệu cho bạn bè.",1,1,1,True
1504,"Cô giáo rất tận tâm và chu đáo, luôn giải đáp thắc mắc của sinh viên Cần cải thiện thêm để đáp ứng nhu cầu của sinh viên.",2,2,2,True
86,"Qua quá trình học, giáo viên có kiến thức rộng và sâu, trả lời mọi câu hỏi của sinh viên thấu đáo Cần cải thiện thêm để đáp ứng nhu cầu của sinh viên.",2,2,2,True
653,Tôi nghĩ rằng môn học này cung cấp đủ kiến thức nhưng cần thêm bài tập phong phú hơn Tôi đã học được nhiều điều từ trải nghiệm này.,1,1,2,False
560,"Trong học kỳ vừa qua, bài tập không có phản hồi cụ thể từ giáo viên, sinh viên không biết mình sai chỗ nào.",0,0,0,True
596,"Môn học vừa đủ, không gây khó chịu nhưng cũng không tạo cảm hứng đặc biệt.",1,1,1,True
564,"Sau khi hoàn thành môn học, thầy giảng quá nhanh, sinh viên không kịp ghi chép và không hiểu bài Mong thầy cô tiếp tục phát huy.",0,0,0,True
208,"Qua quá trình học, phong cách giảng dạy linh hoạt của thầy giúp tôi học tốt hơn và yêu thích môn học.",2,2,2,True
1518,Thầy không chỉ dạy kiến thức mà còn truyền cảm hứng và định hướng cho sinh viên.,2,2,2,True
1794,Thầy giảng được nhưng cần thêm thời gian để sinh viên thực hành và củng cố kiến thức Hy vọng môn học sẽ tốt hơn trong tương lai.,1,1,1,True
982,"Môn học cung cấp kiến thức nền tảng, cần thêm ứng dụng thực tế để hoàn thiện Cần cải thiện thêm để đáp ứng nhu cầu của sinh viên.",1,1,1,True
741,"Qua quá trình học, môn học được tổ chức quá kém, lịch học thay đổi liên tục không có thông báo.",0,0,0,True
352,"Qua quá trình học, cô giáo rất tận tâm và chu đáo, luôn giải đáp thắc mắc của sinh viên Hy vọng môn học sẽ tốt hơn trong tương lai.",2,2,2,True
16,"Cô không công bằng trong việc đánh giá, thiên vị một số sinh viên nhất định Cần cải thiện thêm để đáp ứng nhu cầu của sinh viên.",0,0,0,True
1339,Tôi nghĩ rằng giáo viên thường xuyên đến muộn và rút ngắn thời gian giảng dạy Mong thầy cô tiếp tục phát huy.,0,0,1,False
1127,"Trong học kỳ vừa qua, thầy không có kinh nghiệm thực tế, toàn bộ bài giảng chỉ là lý thuyết suông Tôi sẽ giới thiệu cho bạn bè.",0,0,0,True
146,"Tôi nghĩ rằng thầy dạy được, có một số điểm chưa rõ ràng nhưng nhìn chung là ổn.",1,1,1,True
725,"Theo tôi, môn học tạo được hứng thú ở một số chủ đề nhưng lại nhàm với một số chủ đề khác Mong thầy cô tiếp tục phát huy.",1,1,1,True
136,"Theo ý kiến cá nhân tôi, môn học này không cần thiết, cần phải xem xét lại chương trình học.",0,0,0,True
1254,"Cô rất kiên nhẫn với những sinh viên học chậm, không bỏ lại ai phía sau Hy vọng môn học sẽ tốt hơn trong tương lai.",2,2,2,True
1595,"Môn học có cấu trúc rõ ràng, lịch học được tuân thủ, không có vấn đề gì đặc biệt.",1,1,1,True
769,"Bài giảng không có cấu trúc rõ ràng, sinh viên rất khó theo dõi và ghi chép Tôi sẽ giới thiệu cho bạn bè.",0,0,0,True
1660,"Cô giáo đủ năng lực, chỉ cần cải thiện thêm về cách tiếp cận với sinh viên.",1,1,1,True
1893,"Qua quá trình học, giáo viên luôn nhiệt tình hỗ trợ sinh viên, kể cả ngoài giờ học Hy vọng môn học sẽ tốt hơn trong tương lai.",2,2,2,True
219,"Thầy giảng dạy rất nhiệt tình, bài học dễ hiểu và có nhiều ví dụ thực tế Mong thầy cô tiếp tục phát huy.",2,2,2,True
530,"Trong học kỳ vừa qua, nên có thêm buổi thực hành hoặc thảo luận để sinh viên nắm bài tốt hơn.",1,1,1,True
1529,Môn học này là một trong những môn hay nhất tôi từng học tại trường Tôi đã học được nhiều điều từ trải nghiệm này.,2,2,2,True
541,"Tôi rất hài lòng với khóa học này, mọi thứ đều được tổ chức rất tốt.",2,2,2,True
1468,Tôi đã kỳ vọng nhiều hơn nhưng kết quả thực sự là một sự thất vọng lớn.,0,0,2,False
519,"Trong học kỳ vừa qua, môn học này thực sự xứng đáng là một trong những môn tốt nhất của trường Tôi sẽ giới thiệu cho bạn bè.",2,2,2,True
1796,Thầy cô có kiến thức chuyên sâu và kinh nghiệm phong phú trong giảng dạy Mong thầy cô tiếp tục phát huy.,2,2,0,False
858,"Nhìn chung là được, không có gì đặc biệt nổi bật nhưng cũng không có vấn đề lớn.",1,1,1,True
1089,"Tài liệu học mang nặng tính lý thuyết, thiếu hẳn ứng dụng thực hành Mong thầy cô tiếp tục phát huy.",0,0,0,True
329,Tôi nghĩ rằng tôi thực sự thất vọng với chất lượng giảng dạy của môn học này.,0,0,0,True
1779,"Nhìn chung, thầy dạy không có tâm, rõ ràng chỉ đến cho có mà không quan tâm đến việc giảng.",0,0,0,True
1684,"Theo tôi, thầy dạy rất hay, sinh viên dễ dàng nắm bắt kiến thức và không cảm thấy nhàm chán Tôi sẽ giới thiệu cho bạn bè.",2,2,2,True
1951,"Theo tôi, tôi thực sự thất vọng với chất lượng giảng dạy của môn học này Tôi sẽ giới thiệu cho bạn bè.",0,0,0,True
1726,"Bài tập không có phản hồi cụ thể từ giáo viên, sinh viên không biết mình sai chỗ nào.",0,0,0,True
522,"Sau khi hoàn thành môn học, phòng học không đủ điều kiện, thiết bị hỏng mà không được sửa chữa.",0,0,0,True
638,"Qua quá trình học, môn học có cấu trúc rõ ràng, lịch học được tuân thủ, không có vấn đề gì đặc biệt Mong thầy cô tiếp tục phát huy.",1,1,0,False
898,"Tôi nghĩ rằng thầy không giao đủ bài tập thực hành, sinh viên không có cơ hội luyện tập kỹ năng Mong thầy cô tiếp tục phát huy.",0,0,0,True
722,"Nhìn chung, môn học được thiết kế thực tế, kết nối chặt chẽ với yêu cầu của thị trường lao động.",2,2,2,True
15,"Theo ý kiến cá nhân tôi, giáo viên có năng lực chuyên môn, nhưng kỹ năng giảng dạy có thể được cải thiện.",1,1,1,True
63,"Theo tôi, thầy giảng được nhưng cần thêm thời gian để sinh viên thực hành và củng cố kiến thức.",1,1,1,True
2099,Thầy có thể cải thiện phong cách giảng dạy để thu hút sinh viên hơn Cần cải thiện thêm để đáp ứng nhu cầu của sinh viên.,1,1,1,True
953,"Qua quá trình học, phương pháp học chủ động mà cô áp dụng giúp sinh viên tiếp thu nhanh hơn.",2,2,2,True
1495,"Trong học kỳ vừa qua, tôi không thấy quá ấn tượng với môn học nhưng cũng không có gì để phàn nàn nhiều Cần cải thiện thêm để đáp ứng nhu cầu của sinh viên.",1,1,1,True
852,"Qua quá trình học, môn học này là một trong những môn tệ nhất tôi từng học, cần cải thiện ngay Tôi đã học được nhiều điều từ trải nghiệm này.",0,0,0,True
1031,"Bài giảng rõ ràng, mạch lạc, dễ hiểu và có nhiều ví dụ minh họa sinh động Hy vọng môn học sẽ tốt hơn trong tương lai.",2,2,2,True
700,"Nhìn chung, môn học không có gì đặc biệt nhưng cũng không có vấn đề gì quá lớn cần chỉ ra Tôi đã học được nhiều điều từ trải nghiệm này.",1,1,1,True
44,"Bài giảng đủ để hiểu bài, nhưng không có gì thực sự khiến sinh viên nhớ mãi Mong thầy cô tiếp tục phát huy.",1,1,1,True
1052,Tài liệu học đầy đủ nhưng một số phần khá trừu tượng và khó nắm bắt.,1,1,0,False
1113,Tôi nghĩ rằng tôi thấy môn học có điểm hay nhưng cũng có những điểm cần cải thiện.,1,1,1,True
946,"Theo ý kiến cá nhân tôi, cô thiếu trách nhiệm với công việc giảng dạy và không quan tâm đến kết quả học tập.",0,0,0,True
141,Kiến thức trong môn học rất thực tế và có thể áp dụng ngay vào công việc Tôi sẽ giới thiệu cho bạn bè.,2,2,0,False
1586,"Nhìn chung, cô giáo hay nghỉ dạy mà không có giáo viên thay thế, gây xáo trộn tiến độ học Hy vọng môn học sẽ tốt hơn trong tương lai.",0,0,0,True
1047,"Qua quá trình học, nội dung môn học quá khó so với trình độ của sinh viên mà thiếu cơ sở tiền đề Cần cải thiện thêm để đáp ứng nhu cầu của sinh viên.",0,0,0,True
418,"Nhìn chung, thầy không có khả năng giải thích khi sinh viên không hiểu, chỉ lặp lại y chang Tôi sẽ giới thiệu cho bạn bè.",0,0,0,True
851,"Sau khi hoàn thành môn học, sinh viên học được rất nhiều kiến thức bổ ích, cảm ơn thầy đã tận tình giảng dạy Tôi đã học được nhiều điều từ trải nghiệm này.",2,2,2,True
704,"Thầy dạy được, có một số điểm chưa rõ ràng nhưng nhìn chung là ổn.",1,1,1,True
32,"Nhìn chung, môn học đạt tiêu chuẩn cơ bản, không vượt trội nhưng cũng không đáng phê phán Cần cải thiện thêm để đáp ứng nhu cầu của sinh viên.",1,1,1,True
684,"Tôi nghĩ rằng môn học cho tôi kiến thức nền tảng cần thiết, tuy nhiên còn thiếu chiều sâu.",1,1,1,True
998,"Theo ý kiến cá nhân tôi, môn học được thiết kế thực tế, kết nối chặt chẽ với yêu cầu của thị trường lao động Cần cải thiện thêm để đáp ứng nhu cầu của sinh viên.",2,2,2,True
1619,Môn học này là một trong những môn hay nhất tôi từng học tại trường Mong thầy cô tiếp tục phát huy.,2,2,2,True
1002,"Qua quá trình học, cô giáo sử dụng nhiều công cụ dạy học hiện đại, tạo trải nghiệm học tập thú vị Mong thầy cô tiếp tục phát huy.",2,2,2,True
168,"Sau khi hoàn thành môn học, môn học vừa phải, đáp ứng mục tiêu cơ bản của chương trình học Tôi đã học được nhiều điều từ trải nghiệm này.",1,1,1,True
1903,"Theo tôi, phương pháp học chủ động mà cô áp dụng giúp sinh viên tiếp thu nhanh hơn Cần cải thiện thêm để đáp ứng nhu cầu của sinh viên.",2,2,2,True
1643,"Cô và lớp học ổn, không có gì phàn nàn hay khen ngợi đặc biệt Tôi đã học được nhiều điều từ trải nghiệm này.",1,1,1,True
1543,"Sau khi hoàn thành môn học, giáo viên giảng đủ, không quá nhiệt tình nhưng cũng không tệ Mong thầy cô tiếp tục phát huy.",1,1,1,True
1311,"Chương trình học lỗi thời, không cập nhật với xu hướng mới của ngành nghề.",0,0,0,True
6,"Cô dạy tốt ở một số buổi, nhưng vẫn có những buổi chất lượng chưa đều Cần cải thiện thêm để đáp ứng nhu cầu của sinh viên.",1,1,1,True
50,"Nhìn chung, nội dung giảng dạy không theo sát đề cương đã công bố, gây bất ngờ cho sinh viên Hy vọng môn học sẽ tốt hơn trong tương lai.",0,0,0,True
1536,"Nhìn chung, cô tổ chức lớp học tương đối trật tự, nội dung đủ nhưng chưa thật phong phú Tôi sẽ giới thiệu cho bạn bè.",1,1,1,True
1508,"Trong học kỳ vừa qua, thầy luôn lắng nghe và tôn trọng ý kiến của sinh viên, tạo ra không khí học tốt Tôi sẽ giới thiệu cho bạn bè.",2,2,2,True
416,"Theo tôi, cô tạo ra một lớp học tích cực nơi mọi sinh viên đều cảm thấy được tôn trọng.",2,2,2,True
907,"Qua quá trình học, cô thiếu trách nhiệm với công việc giảng dạy và không quan tâm đến kết quả học tập Hy vọng môn học sẽ tốt hơn trong tương lai.",0,0,0,True
356,"Theo ý kiến cá nhân tôi, thầy có thái độ không tốt với sinh viên, tạo ra môi trường học tập tiêu cực.",0,0,0,True
1712,Môn học có nội dung nghèo nàn và hình thức tổ chức kém chuyên nghiệp Cần cải thiện thêm để đáp ứng nhu cầu của sinh viên.,0,0,0,True
269,"Trong học kỳ vừa qua, môn học có nội dung nghèo nàn và hình thức tổ chức kém chuyên nghiệp Mong thầy cô tiếp tục phát huy.",0,0,0,True
1642,"Sau khi hoàn thành môn học, thầy có kiến thức chuyên môn tốt nhưng đôi khi phong cách giảng dạy chưa thu hút.",1,1,1,True
645,"Qua quá trình học, môn học không có gì đặc biệt nhưng cũng không có vấn đề gì quá lớn cần chỉ ra.",1,1,0,False
894,"Môn học cho tôi kiến thức nền tảng cần thiết, tuy nhiên còn thiếu chiều sâu Tôi sẽ giới thiệu cho bạn bè.",1,1,1,True
137,"Tôi nghĩ rằng giáo viên thiếu kỹ năng sư phạm, không biết cách truyền đạt kiến thức hiệu quả Mong thầy cô tiếp tục phát huy.",0,0,0,True
712,"Khóa học đáp ứng được yêu cầu cơ bản, có thể cải thiện thêm ở một số phần Mong thầy cô tiếp tục phát huy.",1,1,1,True
167,"Thầy không giao đủ bài tập thực hành, sinh viên không có cơ hội luyện tập kỹ năng.",0,0,0,True
1517,"Qua quá trình học, tôi học được điều cần thiết cho kỳ thi, nhưng không chắc sẽ nhớ mãi Tôi sẽ giới thiệu cho bạn bè.",1,1,1,True
681,Tôi không cảm thấy được hỗ trợ hay định hướng gì từ giáo viên trong suốt học kỳ Hy vọng môn học sẽ tốt hơn trong tương lai.,0,0,0,True
1578,"Tôi nghĩ rằng nội dung môn học phù hợp với mục tiêu của khóa học, không có gì cần than phiền nhiều Tôi đã học được nhiều điều từ trải nghiệm này.",1,1,1,True
1584,"Qua quá trình học, môn học có cấu trúc rõ ràng, lịch học được tuân thủ, không có vấn đề gì đặc biệt.",1,1,0,False
1541,"Theo tôi, thầy truyền đạt kiến thức đủ để sinh viên vượt qua kỳ thi, nhưng chưa sâu Mong thầy cô tiếp tục phát huy.",1,1,1,True
1214,"Giáo viên không cập nhật kiến thức, chia sẻ thông tin đã lỗi thời nhiều năm.",0,0,0,True
669,"Tôi cảm thấy được học hỏi rất nhiều từ môn học này, thực sự đáng giá Tôi sẽ giới thiệu cho bạn bè.",2,2,2,True
333,"Theo tôi, phương pháp đánh giá không phù hợp, tập trung quá nhiều vào học thuộc lòng.",0,0,0,True
163,"Nội dung môn học đủ cơ bản, phương pháp giảng dạy có thể đổi mới để tốt hơn.",1,1,1,True
1857,"Theo ý kiến cá nhân tôi, phong cách giảng dạy linh hoạt của thầy giúp tôi học tốt hơn và yêu thích môn học.",2,2,2,True
1256,"Tôi nghĩ rằng môn học đúng như mô tả trong đề cương, không có gì bất ngờ theo chiều nào Cần cải thiện thêm để đáp ứng nhu cầu của sinh viên.",1,1,1,True
78,"Trong học kỳ vừa qua, nội dung môn học được biên soạn khoa học, có hệ thống và dễ nắm bắt Tôi sẽ giới thiệu cho bạn bè.",2,2,2,True
336,Môn học cần được cải tổ hoàn toàn về cả nội dung lẫn phương pháp giảng dạy Tôi đã học được nhiều điều từ trải nghiệm này.,0,0,2,False
1942,"Theo tôi, môn học này không cần thiết, cần phải xem xét lại chương trình học.",0,0,1,False
614,"Trong học kỳ vừa qua, môn học tạo được hứng thú ở một số chủ đề nhưng lại nhàm với một số chủ đề khác Tôi đã học được nhiều điều từ trải nghiệm này.",1,1,1,True
1042,"Qua quá trình học, tôi thực sự thất vọng với chất lượng giảng dạy của môn học này Cần cải thiện thêm để đáp ứng nhu cầu của sinh viên.",0,0,0,True
153,Tôi đánh giá cao chất lượng giảng dạy và sẽ tiếp tục đăng ký môn của thầy Tôi sẽ giới thiệu cho bạn bè.,2,2,2,True
1774,"Môn học không có liên kết gì với thực tế, kiến thức học xong cũng không biết dùng vào đâu Tôi sẽ giới thiệu cho bạn bè.",0,0,2,False
248,"Trong học kỳ vừa qua, cô dạy đủ trọng tâm, nhưng phần nào đó có thể diễn đạt rõ hơn Cần cải thiện thêm để đáp ứng nhu cầu của sinh viên.",1,1,1,True
1150,"Nội dung được trình bày rõ ràng, có cấu trúc hợp lý và dễ theo dõi.",2,2,2,True
1751,"Qua quá trình học, nên có thêm buổi thực hành hoặc thảo luận để sinh viên nắm bài tốt hơn.",1,1,1,True
865,"Qua quá trình học, môn học được tổ chức quá kém, lịch học thay đổi liên tục không có thông báo Cần cải thiện thêm để đáp ứng nhu cầu của sinh viên.",0,0,0,True
1252,"Qua quá trình học, giáo viên không hỗ trợ sinh viên khi gặp khó khăn, khó tiếp cận ngoài giờ học.",0,0,0,True
152,"Trong học kỳ vừa qua, môn học này không cần thiết, cần phải xem xét lại chương trình học Tôi đã học được nhiều điều từ trải nghiệm này.",0,0,0,True
1489,"Theo tôi, giáo viên giỏi chuyên môn, có kỹ năng sư phạm xuất sắc và tâm huyết với nghề.",2,2,2,True
1505,"Tôi nghĩ rằng thầy dạy không có tâm, rõ ràng chỉ đến cho có mà không quan tâm đến việc giảng Cần cải thiện thêm để đáp ứng nhu cầu của sinh viên.",0,0,0,True
316,"Sau khi hoàn thành môn học, tôi cực kỳ thất vọng và không khuyến nghị bất kỳ ai đăng ký môn này Hy vọng môn học sẽ tốt hơn trong tương lai.",0,0,0,True
1683,"Nhìn chung, môn học được thiết kế hợp lý về cơ bản, nhưng cần bổ sung ví dụ thực tế hơn Hy vọng môn học sẽ tốt hơn trong tương lai.",1,1,0,False
211,"Theo tôi, nội dung cũ kỹ và lạc hậu, không phù hợp với yêu cầu thực tế của thị trường Tôi sẽ giới thiệu cho bạn bè.",0,0,0,True
668,"Theo ý kiến cá nhân tôi, môn học có những điểm tốt và những điểm cần được xem xét lại và cải thiện Tôi đã học được nhiều điều từ trải nghiệm này.",1,1,1,True
788,"Theo tôi, bài kiểm tra không liên quan đến những gì được dạy, điểm số không phản ánh nỗ lực.",0,0,0,True
1678,"Theo tôi, cô giáo hay nghỉ dạy mà không có giáo viên thay thế, gây xáo trộn tiến độ học.",0,0,0,True
1633,"Tôi nghĩ rằng thầy không tôn trọng ý kiến của sinh viên, lớp học thiếu sự tương tác cần thiết Tôi đã học được nhiều điều từ trải nghiệm này.",0,0,0,True
373,"Cách cô giải thích các khái niệm khó rất dễ hiểu, tôi tiếp thu nhanh hơn nhiều Cần cải thiện thêm để đáp ứng nhu cầu của sinh viên.",2,2,1,False
420,"Tôi nghĩ rằng giáo viên có kiến thức rộng và sâu, trả lời mọi câu hỏi của sinh viên thấu đáo Mong thầy cô tiếp tục phát huy.",2,2,2,True
598,"Theo tôi, giáo viên thường xuyên vắng mặt và không có thông báo trước, gây khó chịu Tôi sẽ giới thiệu cho bạn bè.",0,0,0,True
797,Đây là một môn học tuyệt vời với nội dung phong phú và giáo viên tâm huyết Tôi đã học được nhiều điều từ trải nghiệm này.,2,2,2,True
232,"Theo ý kiến cá nhân tôi, thầy có thể cải thiện phong cách giảng dạy để thu hút sinh viên hơn Tôi sẽ giới thiệu cho bạn bè.",1,1,1,True
1445,Phong cách giảng dạy linh hoạt của thầy giúp tôi học tốt hơn và yêu thích môn học.,2,2,2,True
958,"Qua quá trình học, nội dung cũ kỹ và lạc hậu, không phù hợp với yêu cầu thực tế của thị trường.",0,0,0,True
623,"Trong học kỳ vừa qua, môn học này thực sự xứng đáng là một trong những môn tốt nhất của trường.",2,2,2,True
801,Thầy cô có kiến thức chuyên sâu và kinh nghiệm phong phú trong giảng dạy Tôi đã học được nhiều điều từ trải nghiệm này.,2,2,2,True
1391,"Theo ý kiến cá nhân tôi, phương pháp đánh giá không phù hợp, tập trung quá nhiều vào học thuộc lòng Tôi đã học được nhiều điều từ trải nghiệm này.",0,0,0,True
1829,"Môn học phù hợp cho việc tạo nền tảng, nhưng cần làm sâu hơn ở nhiều chỗ Mong thầy cô tiếp tục phát huy.",1,1,1,True
28,"Theo ý kiến cá nhân tôi, môn học phù hợp cho việc tạo nền tảng, nhưng cần làm sâu hơn ở nhiều chỗ Tôi sẽ giới thiệu cho bạn bè.",1,1,1,True
757,"Nội dung sinh động và phong phú, thầy luôn bổ sung ví dụ từ thực tế nghề nghiệp Hy vọng môn học sẽ tốt hơn trong tương lai.",2,2,2,True
1046,Tôi cực kỳ hài lòng với môn học này và cảm thấy mình đã đầu tư đúng chỗ Tôi đã học được nhiều điều từ trải nghiệm này.,2,2,2,True
721,"Trong học kỳ vừa qua, có một số bổ sung về slide và tài liệu sẽ giúp sinh viên hiểu bài tốt hơn Tôi sẽ giới thiệu cho bạn bè.",1,1,1,True
1590,"Theo ý kiến cá nhân tôi, môn học rất phù hợp với định hướng nghề nghiệp của tôi, tôi rất hài lòng Cần cải thiện thêm để đáp ứng nhu cầu của sinh viên.",2,2,0,False
1727,Cô tạo ra một lớp học tích cực nơi mọi sinh viên đều cảm thấy được tôn trọng Hy vọng môn học sẽ tốt hơn trong tương lai.,2,2,2,True
874,"Theo ý kiến cá nhân tôi, tôi cảm thấy mất tiền và mất thời gian khi đăng ký môn học này Tôi đã học được nhiều điều từ trải nghiệm này.",0,0,0,True
1639,"Cô dạy đủ trọng tâm, nhưng phần nào đó có thể diễn đạt rõ hơn.",1,1,1,True
872,"Nhìn chung, cô không tôn trọng thời gian của sinh viên, thường bắt đầu muộn và kết thúc sớm.",0,0,0,True
776,"Theo ý kiến cá nhân tôi, chất lượng giảng dạy quá thấp so với học phí mà sinh viên phải đóng Cần cải thiện thêm để đáp ứng nhu cầu của sinh viên.",0,0,0,True
1921,"Sau khi hoàn thành môn học, thầy có kiến thức chuyên môn tốt nhưng đôi khi phong cách giảng dạy chưa thu hút Mong thầy cô tiếp tục phát huy.",1,1,1,True
1729,"Tôi nghĩ rằng đây là môn học tôi tâm đắc nhất trong năm học, xứng đáng 5 sao.",2,2,2,True
174,"Trong học kỳ vừa qua, tôi rất buồn vì phải học môn này, nó không đem lại bất kỳ giá trị nào.",0,0,0,True
1174,"Theo ý kiến cá nhân tôi, cách chấm điểm không công bằng, tiêu chí đánh giá không rõ ràng và không nhất quán.",0,0,2,False
1952,"Trong học kỳ vừa qua, môn học đúng như mô tả trong đề cương, không có gì bất ngờ theo chiều nào Cần cải thiện thêm để đáp ứng nhu cầu của sinh viên.",1,1,1,True
1422,"Theo tôi, cô dạy tốt ở một số buổi, nhưng vẫn có những buổi chất lượng chưa đều Tôi sẽ giới thiệu cho bạn bè.",1,1,1,True
972,"Theo ý kiến cá nhân tôi, môn học cung cấp kiến thức cập nhật và phù hợp với nhu cầu ngành nghề Cần cải thiện thêm để đáp ứng nhu cầu của sinh viên.",2,2,2,True
809,"Giáo viên có năng lực chuyên môn, nhưng kỹ năng giảng dạy có thể được cải thiện Hy vọng môn học sẽ tốt hơn trong tương lai.",1,1,1,True
711,"Theo tôi, thầy không giải thích tại sao cần học nội dung này, làm mất động lực của sinh viên.",0,0,0,True
880,"Qua quá trình học, tôi học được một số điều hữu ích nhưng cũng có những phần không thực sự cần thiết Mong thầy cô tiếp tục phát huy.",1,1,1,True
1021,"Thầy không tôn trọng ý kiến của sinh viên, lớp học thiếu sự tương tác cần thiết Tôi sẽ giới thiệu cho bạn bè.",0,0,1,False
1735,"Môn học cho tôi kiến thức nền tảng cần thiết, tuy nhiên còn thiếu chiều sâu Mong thầy cô tiếp tục phát huy.",1,1,1,True
819,"Theo ý kiến cá nhân tôi, môn học cần được cải tổ hoàn toàn về cả nội dung lẫn phương pháp giảng dạy Hy vọng môn học sẽ tốt hơn trong tương lai.",0,0,2,False
317,"Trong học kỳ vừa qua, tôi thực sự thất vọng với chất lượng giảng dạy của môn học này.",0,0,0,True
401,"Theo ý kiến cá nhân tôi, môn học thiếu định hướng rõ ràng, sinh viên không biết mình đang học để làm gì Mong thầy cô tiếp tục phát huy.",0,0,0,True
53,Môn học giúp tôi hiểu rõ hơn về lĩnh vực chuyên ngành và định hướng tương lai Tôi sẽ giới thiệu cho bạn bè.,2,2,2,True
780,Có thể cải thiện được nhưng nhìn chung không đến mức cần phải lo lắng quá Tôi sẽ giới thiệu cho bạn bè.,1,1,1,True
1745,"Theo tôi, môn học không có gì đặc biệt nhưng cũng không có vấn đề gì quá lớn cần chỉ ra Hy vọng môn học sẽ tốt hơn trong tương lai.",1,1,1,True
93,"Thầy không tôn trọng ý kiến của sinh viên, lớp học thiếu sự tương tác cần thiết Mong thầy cô tiếp tục phát huy.",0,0,0,True
587,"Trong học kỳ vừa qua, thầy chia sẻ nhiều tài liệu bổ sung chất lượng cao, giúp sinh viên mở rộng kiến thức Mong thầy cô tiếp tục phát huy.",2,2,2,True
1931,"Theo ý kiến cá nhân tôi, giáo viên thiếu kỹ năng sư phạm, không biết cách truyền đạt kiến thức hiệu quả Hy vọng môn học sẽ tốt hơn trong tương lai.",0,0,2,False
1320,"Thầy có kinh nghiệm thực tế phong phú, chia sẻ nhiều câu chuyện thực tế hữu ích Tôi đã học được nhiều điều từ trải nghiệm này.",2,2,2,True
105,"Nhìn chung, tôi rất buồn vì phải học môn này, nó không đem lại bất kỳ giá trị nào Tôi đã học được nhiều điều từ trải nghiệm này.",0,0,0,True
1206,Thầy có kiến thức chuyên môn tốt nhưng đôi khi phong cách giảng dạy chưa thu hút Tôi đã học được nhiều điều từ trải nghiệm này.,1,1,1,True
319,"Môn học vừa phải, đáp ứng mục tiêu cơ bản của chương trình học Tôi sẽ giới thiệu cho bạn bè.",1,1,1,True
156,"Theo ý kiến cá nhân tôi, phương pháp giảng dạy của thầy rất hiệu quả, kết hợp tốt lý thuyết và thực hành Mong thầy cô tiếp tục phát huy.",2,2,0,False
233,"Theo ý kiến cá nhân tôi, môn học cung cấp nền tảng vững chắc cho việc học các môn chuyên sâu sau này Cần cải thiện thêm để đáp ứng nhu cầu của sinh viên.",2,2,2,True
1460,"Qua quá trình học, giáo viên thiếu chuyên môn, nhiều kiến thức sai sót và không được sửa chữa Hy vọng môn học sẽ tốt hơn trong tương lai.",0,0,0,True
1869,Tôi không học được gì bổ ích từ môn học này sau cả một học kỳ.,0,0,0,True
1253,"Sau khi hoàn thành môn học, môn học có quá nhiều bài tập nhưng không có hướng dẫn rõ ràng, gây nhầm lẫn Mong thầy cô tiếp tục phát huy.",0,0,0,True
1887,"Nhìn chung, cô rất kiên nhẫn với những sinh viên học chậm, không bỏ lại ai phía sau.",2,2,2,True
1695,"Nhìn chung, lớp học quá đông mà thầy không có phương án quản lý hiệu quả Mong thầy cô tiếp tục phát huy.",0,0,0,True
351,"Sau khi hoàn thành môn học, môn học có những điểm tốt và những điểm cần được xem xét lại và cải thiện Mong thầy cô tiếp tục phát huy.",1,1,1,True
728,"Theo tôi, môn học này thực sự mở ra cánh cửa mới cho tôi trong lĩnh vực chuyên ngành.",2,2,2,True
981,"Nhìn chung, giáo viên thiếu nhiệt tình, rõ ràng không muốn dạy và không đầu tư vào việc giảng.",0,0,2,False
304,"Theo tôi, môn học không có gì đặc biệt nhưng cũng không có vấn đề gì quá lớn cần chỉ ra Cần cải thiện thêm để đáp ứng nhu cầu của sinh viên.",1,1,1,True
412,"Thầy không có khả năng giải thích khi sinh viên không hiểu, chỉ lặp lại y chang.",0,0,2,False
992,"Nội dung sinh động và phong phú, thầy luôn bổ sung ví dụ từ thực tế nghề nghiệp Tôi đã học được nhiều điều từ trải nghiệm này.",2,2,2,True
207,"Sau khi hoàn thành môn học, thầy có thể cải thiện phong cách giảng dạy để thu hút sinh viên hơn.",1,1,1,True
221,"Theo tôi, thầy có khả năng truyền đạt kiến thức phức tạp một cách đơn giản và dễ hiểu Cần cải thiện thêm để đáp ứng nhu cầu của sinh viên.",2,2,2,True
713,"Giáo viên không cập nhật kiến thức, chia sẻ thông tin đã lỗi thời nhiều năm Tôi sẽ giới thiệu cho bạn bè.",0,0,0,True
463,"Theo ý kiến cá nhân tôi, cô giáo sử dụng nhiều công cụ dạy học hiện đại, tạo trải nghiệm học tập thú vị Cần cải thiện thêm để đáp ứng nhu cầu của sinh viên.",2,2,2,True
886,"Sau khi hoàn thành môn học, cô dạy đủ trọng tâm, nhưng phần nào đó có thể diễn đạt rõ hơn Tôi sẽ giới thiệu cho bạn bè.",1,1,1,True
2041,Tôi nghĩ rằng đây là một môn học tuyệt vời với nội dung phong phú và giáo viên tâm huyết Tôi sẽ giới thiệu cho bạn bè.,2,2,2,True
1626,"Nhìn chung là được, không có gì đặc biệt nổi bật nhưng cũng không có vấn đề lớn Hy vọng môn học sẽ tốt hơn trong tương lai.",1,1,1,True
488,"Giáo viên giỏi chuyên môn, có kỹ năng sư phạm xuất sắc và tâm huyết với nghề Tôi đã học được nhiều điều từ trải nghiệm này.",2,2,2,True
1123,"Sau khi hoàn thành môn học, tài liệu học tập được chuẩn bị đầy đủ và chi tiết, hỗ trợ tốt cho việc học Mong thầy cô tiếp tục phát huy.",2,2,2,True
22,"Sau khi hoàn thành môn học, môn học không có liên kết gì với thực tế, kiến thức học xong cũng không biết dùng vào đâu Mong thầy cô tiếp tục phát huy.",0,0,0,True
1446,Tôi nghĩ rằng phương pháp học chủ động mà cô áp dụng giúp sinh viên tiếp thu nhanh hơn.,2,2,1,False
1686,"Theo tôi, môn học có chất lượng trung bình, không quá tốt cũng không quá kém Tôi sẽ giới thiệu cho bạn bè.",1,1,2,False
917,"Bài kiểm tra quá khó so với nội dung được dạy, không phản ánh đúng kiến thức học Tôi sẽ giới thiệu cho bạn bè.",0,0,2,False
961,"Theo ý kiến cá nhân tôi, giáo viên không quan tâm đến sinh viên, không trả lời câu hỏi trong lớp Tôi sẽ giới thiệu cho bạn bè.",0,0,0,True
1977,Tôi nghĩ rằng lớp học quá đông mà thầy không có phương án quản lý hiệu quả.,0,0,0,True
1500,"Sau khi hoàn thành môn học, giáo viên không quan tâm đến sinh viên, không trả lời câu hỏi trong lớp Cần cải thiện thêm để đáp ứng nhu cầu của sinh viên.",0,0,1,False
1704,"Qua quá trình học, môn học không có liên kết gì với thực tế, kiến thức học xong cũng không biết dùng vào đâu Mong thầy cô tiếp tục phát huy.",0,0,0,True
538,"Nhìn chung, giáo viên có chuyên môn nhưng đôi khi chưa truyền đạt được thật hiệu quả Hy vọng môn học sẽ tốt hơn trong tương lai.",1,1,1,True
1510,"Trong học kỳ vừa qua, chương trình học lỗi thời, không cập nhật với xu hướng mới của ngành nghề.",0,0,0,True
160,"Theo ý kiến cá nhân tôi, tôi cảm thấy lãng phí thời gian khi học môn này, không có giá trị thực tiễn Cần cải thiện thêm để đáp ứng nhu cầu của sinh viên.",0,0,0,True
1441,"Theo tôi, có thể cải thiện được nhưng nhìn chung không đến mức cần phải lo lắng quá.",1,1,1,True
1812,"Theo ý kiến cá nhân tôi, tổng thể môn học ở mức trung bình, cần đánh giá lại một số nội dung Tôi sẽ giới thiệu cho bạn bè.",1,1,1,True
390,"Bài giảng rõ ràng, mạch lạc, dễ hiểu và có nhiều ví dụ minh họa sinh động Tôi sẽ giới thiệu cho bạn bè.",2,2,2,True
586,"Theo ý kiến cá nhân tôi, bài giảng đơn điệu và lặp lại, không có sự đổi mới hay sáng tạo nào Hy vọng môn học sẽ tốt hơn trong tương lai.",0,0,0,True
812,"Môn học được thiết kế thực tế, kết nối chặt chẽ với yêu cầu của thị trường lao động Tôi sẽ giới thiệu cho bạn bè.",2,2,2,True
1483,"Trong học kỳ vừa qua, bài giảng thiếu chiều sâu, chỉ dừng lại ở mức độ giới thiệu mà không đi vào chi tiết.",0,0,0,True
494,"Môn học thiếu định hướng rõ ràng, sinh viên không biết mình đang học để làm gì Tôi đã học được nhiều điều từ trải nghiệm này.",0,0,0,True
91,"Bài giảng không thu hút, thiếu sự tương tác và hoàn toàn không có hứng thú Tôi sẽ giới thiệu cho bạn bè.",0,0,0,True
1194,"Qua quá trình học, bài giảng đơn điệu và lặp lại, không có sự đổi mới hay sáng tạo nào Tôi đã học được nhiều điều từ trải nghiệm này.",0,0,0,True
1926,"Trong học kỳ vừa qua, môn học giúp tôi phát triển tư duy và kỹ năng giải quyết vấn đề hiệu quả.",2,2,2,True
271,"Qua quá trình học, tôi đánh giá cao chất lượng giảng dạy và sẽ tiếp tục đăng ký môn của thầy Hy vọng môn học sẽ tốt hơn trong tương lai.",2,2,2,True
1680,"Giáo viên thiếu nhiệt tình, rõ ràng không muốn dạy và không đầu tư vào việc giảng.",0,0,0,True
2049,Bài giảng được thiết kế khoa học với nhiều case study thực tế rất thú vị Tôi sẽ giới thiệu cho bạn bè.,2,2,2,True
1177,Tôi phải tự học hầu hết nội dung vì bài giảng không cung cấp đủ thông tin Cần cải thiện thêm để đáp ứng nhu cầu của sinh viên.,0,0,0,True
1906,"Trong học kỳ vừa qua, tổng thể môn học ở mức trung bình, cần đánh giá lại một số nội dung.",1,1,1,True
618,"Qua quá trình học, phương pháp học chủ động mà cô áp dụng giúp sinh viên tiếp thu nhanh hơn Tôi đã học được nhiều điều từ trải nghiệm này.",2,2,2,True
1212,Tôi nghĩ rằng cô giáo tạo ra áp lực không cần thiết mà không hề hỗ trợ sinh viên vượt qua Cần cải thiện thêm để đáp ứng nhu cầu của sinh viên.,0,0,0,True
854,"Sau khi hoàn thành môn học, giáo viên luôn nhiệt tình hỗ trợ sinh viên, kể cả ngoài giờ học Hy vọng môn học sẽ tốt hơn trong tương lai.",2,2,2,True
1939,"Sau khi hoàn thành môn học, môn học cung cấp kiến thức nền tảng, cần thêm ứng dụng thực tế để hoàn thiện Tôi sẽ giới thiệu cho bạn bè.",1,1,1,True
385,"Qua quá trình học, bài tập và dự án thực tế giúp tôi áp dụng kiến thức một cách hiệu quả.",2,2,2,True
1258,"Qua quá trình học, thầy có khả năng truyền đạt kiến thức phức tạp một cách đơn giản và dễ hiểu.",2,2,2,True
1638,"Thầy luôn lắng nghe và tôn trọng ý kiến của sinh viên, tạo ra không khí học tốt Hy vọng môn học sẽ tốt hơn trong tương lai.",2,2,2,True
1813,"Theo tôi, môn học có nội dung hay và kiến thức thực sự có thể áp dụng được.",2,2,2,True
464,"Bài giảng không có cấu trúc rõ ràng, sinh viên rất khó theo dõi và ghi chép Cần cải thiện thêm để đáp ứng nhu cầu của sinh viên.",0,0,0,True
504,"Theo ý kiến cá nhân tôi, bài tập không có phản hồi cụ thể từ giáo viên, sinh viên không biết mình sai chỗ nào.",0,0,0,True
738,"Qua quá trình học, môn học giúp tôi hiểu rõ hơn về lĩnh vực chuyên ngành và định hướng tương lai Tôi đã học được nhiều điều từ trải nghiệm này.",2,2,2,True
1758,"Nhìn chung, giáo viên có năng lực chuyên môn, nhưng kỹ năng giảng dạy có thể được cải thiện Mong thầy cô tiếp tục phát huy.",1,1,1,True
856,Môn học cần được cải tổ hoàn toàn về cả nội dung lẫn phương pháp giảng dạy.,0,0,0,True
673,"Sau khi hoàn thành môn học, môn học này không làm tôi hứng thú lắm nhưng cũng không đến mức ghét Mong thầy cô tiếp tục phát huy.",1,1,0,False
569,Chất lượng giảng dạy quá thấp so với học phí mà sinh viên phải đóng Hy vọng môn học sẽ tốt hơn trong tương lai.,0,0,0,True
914,"Theo ý kiến cá nhân tôi, thầy luôn khuyến khích sự sáng tạo và tư duy phản biện trong quá trình học Hy vọng môn học sẽ tốt hơn trong tương lai.",2,2,2,True
796,"Nhìn chung, cô không công bằng trong việc đánh giá, thiên vị một số sinh viên nhất định Tôi đã học được nhiều điều từ trải nghiệm này.",0,0,2,False
231,"Sau khi hoàn thành môn học, cô dạy đủ trọng tâm, nhưng phần nào đó có thể diễn đạt rõ hơn Hy vọng môn học sẽ tốt hơn trong tương lai.",1,1,1,True
758,"Qua quá trình học, thầy không chỉ dạy kiến thức mà còn truyền cảm hứng và định hướng cho sinh viên Hy vọng môn học sẽ tốt hơn trong tương lai.",2,2,2,True
1593,"Giáo viên không cập nhật kiến thức, chia sẻ thông tin đã lỗi thời nhiều năm Tôi đã học được nhiều điều từ trải nghiệm này.",0,0,0,True
1874,"Trong học kỳ vừa qua, tài liệu tham khảo phong phú và được cập nhật thường xuyên theo xu hướng mới.",2,2,2,True
2048,"Trong học kỳ vừa qua, giáo viên đáp ứng được yêu cầu giảng dạy, tuy không có gì thực sự nổi bật Mong thầy cô tiếp tục phát huy.",1,1,1,True
2009,"Giáo viên giỏi chuyên môn, có kỹ năng sư phạm xuất sắc và tâm huyết với nghề Tôi sẽ giới thiệu cho bạn bè.",2,2,2,True
1307,Tôi nghĩ rằng thầy có thể cải thiện việc tương tác với sinh viên nhiều hơn trong lớp học.,1,1,1,True
1544,"Giáo viên thiếu nhiệt tình, rõ ràng không muốn dạy và không đầu tư vào việc giảng Mong thầy cô tiếp tục phát huy.",0,0,0,True
143,"Nhìn chung là được, không có gì đặc biệt nổi bật nhưng cũng không có vấn đề lớn Mong thầy cô tiếp tục phát huy.",1,1,1,True
1803,"Sau khi hoàn thành môn học, cô giáo rất tận tâm và chu đáo, luôn giải đáp thắc mắc của sinh viên Hy vọng môn học sẽ tốt hơn trong tương lai.",2,2,0,False
568,"Nhìn chung, thầy có kiến thức chuyên môn tốt nhưng đôi khi phong cách giảng dạy chưa thu hút.",1,1,1,True
180,"Sau khi hoàn thành môn học, môn học không có liên kết gì với thực tế, kiến thức học xong cũng không biết dùng vào đâu.",0,0,0,True
1521,"Tôi nghĩ rằng giáo viên thiếu nhiệt tình, rõ ràng không muốn dạy và không đầu tư vào việc giảng Cần cải thiện thêm để đáp ứng nhu cầu của sinh viên.",0,0,0,True
433,"Qua quá trình học, bài giảng không có cấu trúc rõ ràng, sinh viên rất khó theo dõi và ghi chép Tôi sẽ giới thiệu cho bạn bè.",0,0,0,True
1364,"Nhìn chung, giáo viên giảng đủ giờ và đúng lịch, nội dung bám sát đề cương đã đề ra Mong thầy cô tiếp tục phát huy.",1,1,1,True
1896,"Theo tôi, bài giảng đủ để hiểu bài, nhưng không có gì thực sự khiến sinh viên nhớ mãi Cần cải thiện thêm để đáp ứng nhu cầu của sinh viên.",1,1,1,True
1401,"Sau khi hoàn thành môn học, cách tổ chức lớp học ổn, nhưng nội dung cần được cập nhật và làm mới hơn.",1,1,1,True
25,"Theo ý kiến cá nhân tôi, thầy giảng dạy rất nhiệt tình, bài học dễ hiểu và có nhiều ví dụ thực tế.",2,2,2,True
203,"Tôi nghĩ rằng môn học có cấu trúc rõ ràng, lịch học được tuân thủ, không có vấn đề gì đặc biệt Tôi đã học được nhiều điều từ trải nghiệm này.",1,1,1,True
978,"Tôi nghĩ rằng tôi cảm thấy lãng phí thời gian khi học môn này, không có giá trị thực tiễn.",0,0,0,True
828,"Phòng học không đủ điều kiện, thiết bị hỏng mà không được sửa chữa Mong thầy cô tiếp tục phát huy.",0,0,0,True
472,"Nhìn chung, nên có thêm buổi thực hành hoặc thảo luận để sinh viên nắm bài tốt hơn.",1,1,1,True
1741,"Tôi nghĩ rằng giáo viên giỏi chuyên môn, có kỹ năng sư phạm xuất sắc và tâm huyết với nghề.",2,2,2,True
996,"Bài giảng rõ ràng, mạch lạc, dễ hiểu và có nhiều ví dụ minh họa sinh động Cần cải thiện thêm để đáp ứng nhu cầu của sinh viên.",2,2,2,True
191,"Trong học kỳ vừa qua, nội dung môn học được biên soạn khoa học, có hệ thống và dễ nắm bắt.",2,2,2,True
389,"Theo ý kiến cá nhân tôi, tài liệu học tập quá ít, không đáp ứng được nhu cầu học tập của sinh viên.",0,0,0,True
778,"Qua quá trình học, phong cách giảng dạy linh hoạt của thầy giúp tôi học tốt hơn và yêu thích môn học Tôi đã học được nhiều điều từ trải nghiệm này.",2,2,2,True
107,"Qua quá trình học, môn học thiếu định hướng rõ ràng, sinh viên không biết mình đang học để làm gì.",0,0,0,True
855,"Theo tôi, cô giáo không biết cách tạo động lực cho sinh viên, lớp học ảm đạm và buồn tẻ.",0,0,0,True
502,"Sau khi hoàn thành môn học, tôi cực kỳ hài lòng với môn học này và cảm thấy mình đã đầu tư đúng chỗ Hy vọng môn học sẽ tốt hơn trong tương lai.",2,2,0,False
1331,Môn học có những điểm tốt và những điểm cần được xem xét lại và cải thiện.,1,1,1,True
520,"Nhìn chung, thầy không tôn trọng ý kiến của sinh viên, lớp học thiếu sự tương tác cần thiết Tôi đã học được nhiều điều từ trải nghiệm này.",0,0,0,True
726,Tôi phải tự học hầu hết nội dung vì bài giảng không cung cấp đủ thông tin.,0,0,0,True
1690,"Theo ý kiến cá nhân tôi, môn học có cấu trúc rõ ràng, lịch học được tuân thủ, không có vấn đề gì đặc biệt Hy vọng môn học sẽ tốt hơn trong tương lai.",1,1,1,True
539,"Qua quá trình học, thầy giảng được nhưng đôi khi thiếu ví dụ minh họa để làm rõ khái niệm.",1,1,1,True
1251,"Tôi nghĩ rằng cô giáo giảng ổn, tài liệu học tập đầy đủ nhưng thiếu bài tập thực tế Tôi sẽ giới thiệu cho bạn bè.",1,1,1,True
2064,"Trong học kỳ vừa qua, môn học rất phù hợp với định hướng nghề nghiệp của tôi, tôi rất hài lòng Tôi đã học được nhiều điều từ trải nghiệm này.",2,2,2,True
1310,"Sau khi hoàn thành môn học, môn học cung cấp kiến thức cập nhật và phù hợp với nhu cầu ngành nghề.",2,2,0,False
1738,"Qua quá trình học, cô luôn cố gắng làm cho bài học trở nên thú vị và dễ nhớ bằng nhiều phương pháp Hy vọng môn học sẽ tốt hơn trong tương lai.",2,2,2,True
1105,"Sau khi hoàn thành môn học, cô tổ chức lớp học rất tốt, tạo điều kiện để tất cả sinh viên đều có thể tham gia Cần cải thiện thêm để đáp ứng nhu cầu của sinh viên.",2,2,2,True
762,"Tôi nghĩ rằng đây là môn học tôi tâm đắc nhất trong năm học, xứng đáng 5 sao Tôi sẽ giới thiệu cho bạn bè.",2,2,2,True
431,"Qua quá trình học, nội dung môn học đủ cơ bản, phương pháp giảng dạy có thể đổi mới để tốt hơn.",1,1,1,True
1911,"Theo ý kiến cá nhân tôi, bài giảng đủ để hiểu bài, nhưng không có gì thực sự khiến sinh viên nhớ mãi.",1,1,1,True
468,"Giáo viên thiếu kỹ năng sư phạm, không biết cách truyền đạt kiến thức hiệu quả Mong thầy cô tiếp tục phát huy.",0,0,0,True
478,"Sau khi hoàn thành môn học, chất lượng giảng dạy rất tốt, xứng đáng được nhiều sinh viên lựa chọn.",2,2,0,False
1793,"Qua quá trình học, giáo viên thường xuyên vắng mặt và không có thông báo trước, gây khó chịu.",0,0,0,True
419,"Theo tôi, môn học giúp tôi hiểu rõ hơn về lĩnh vực chuyên ngành và định hướng tương lai.",2,2,0,False
1232,"Qua quá trình học, cô thiếu trách nhiệm với công việc giảng dạy và không quan tâm đến kết quả học tập.",0,0,0,True
1993,"Theo tôi, thầy thỉnh thoảng đi sâu vào chi tiết không cần thiết, làm loãng trọng tâm bài Cần cải thiện thêm để đáp ứng nhu cầu của sinh viên.",1,1,1,True
1947,"Tôi cảm thấy được học hỏi rất nhiều từ môn học này, thực sự đáng giá.",2,2,2,True
1929,"Nhìn chung, giáo viên đáp ứng được yêu cầu giảng dạy, tuy không có gì thực sự nổi bật Hy vọng môn học sẽ tốt hơn trong tương lai.",1,1,1,True
846,Bài kiểm tra và bài tập đánh giá đúng năng lực và kiến thức của sinh viên Hy vọng môn học sẽ tốt hơn trong tương lai.,2,2,2,True
1715,"Trong học kỳ vừa qua, bài kiểm tra và bài tập đánh giá đúng năng lực và kiến thức của sinh viên Cần cải thiện thêm để đáp ứng nhu cầu của sinh viên.",2,2,2,True
1622,"Qua quá trình học, tôi không ngờ môn học này lại thú vị và bổ ích đến vậy, cảm ơn thầy rất nhiều.",2,2,2,True
14,"Cô giáo rất chuyên nghiệp, bài giảng logic và nhất quán từ đầu đến cuối Hy vọng môn học sẽ tốt hơn trong tương lai.",2,2,2,True
1523,"Theo ý kiến cá nhân tôi, môn học cung cấp kiến thức cập nhật và phù hợp với nhu cầu ngành nghề.",2,2,2,True
523,Môn học này thực sự xứng đáng là một trong những môn tốt nhất của trường Hy vọng môn học sẽ tốt hơn trong tương lai.,2,2,2,True
